,Survived,Pclass,Sex,Age,SibSp,Parch,Embarked
0,0,3,0,1,1,0,0
1,1,1,1,2,1,0,1
2,1,3,1,1,0,0,0
3,1,1,1,2,1,0,0
4,0,3,0,2,0,0,0
5,0,3,0,1,0,0,2
6,0,1,0,3,0,0,0
7,0,3,0,0,3,1,0
8,1,3,1,1,0,2,0
9,1,2,1,0,1,0,1
10,1,3,1,0,1,1,0
11,1,1,1,3,0,0,0
12,0,3,0,1,0,0,0
13,0,3,0,2,1,5,0
14,0,3,1,0,0,0,0
15,1,2,1,3,0,0,0
16,0,3,0,0,4,1,2
17,1,2,0,1,0,0,0
18,0,3,1,1,1,0,0
19,1,3,1,1,0,0,1
20,0,2,0,2,0,0,0
21,1,2,0,2,0,0,0
22,1,3,1,0,0,0,2
23,1,1,0,1,0,0,0
24,0,3,1,0,3,1,0
25,1,3,1,2,1,5,0
26,0,3,0,1,0,0,1
27,0,1,0,1,3,2,0
28,1,3,1,1,0,0,2
29,0,3,0,1,0,0,0
30,0,1,0,2,0,0,1
31,1,1,1,2,1,0,1
32,1,3,1,1,0,0,2
33,0,2,0,4,0,0,0
34,0,1,0,1,1,0,1
35,0,1,0,2,1,0,0
36,1,3,0,1,0,0,1
37,0,3,0,1,0,0,0
38,0,3,1,1,2,0,0
39,1,3,1,0,1,0,1
40,0,3,1,2,1,0,0
41,0,2,1,1,1,0,0
42,0,3,0,1,0,0,1
43,1,2,1,0,1,2,1
44,1,3,1,1,0,0,2
45,0,3,0,1,0,0,0
46,0,3,0,1,1,0,2
47,1,3,1,1,0,0,2
48,0,3,0,1,2,0,1
49,0,3,1,1,1,0,0
50,0,3,0,0,4,1,0
51,0,3,0,1,0,0,0
52,1,1,1,3,1,0,1
53,1,2,1,1,1,0,0
54,0,1,0,4,0,1,1
55,1,1,0,2,0,0,0
56,1,2,1,1,0,0,0
57,0,3,0,1,0,0,1
58,1,2,1,0,1,2,0
59,0,3,0,0,5,2,0
60,0,3,0,1,0,0,1
61,1,1,1,2,0,0,0
62,0,1,0,2,1,0,0
63,0,3,0,0,3,2,0
64,0,1,0,2,0,0,1
65,1,3,0,1,1,1,1
66,1,2,1,1,0,0,0
67,0,3,0,1,0,0,0
68,1,3,1,1,4,2,0
69,0,3,0,1,2,0,0
70,0,2,0,1,0,0,0
71,0,3,1,0,5,2,0
72,0,2,0,1,0,0,0
73,0,3,0,1,1,0,1
74,1,3,0,1,0,0,0
75,0,3,0,1,0,0,0
76,0,3,0,1,0,0,0
77,0,3,0,1,0,0,0
78,1,2,0,0,0,2,0
79,1,3,1,1,0,0,0
80,0,3,0,1,0,0,0
81,1,3,0,1,0,0,0
82,1,3,1,1,0,0,2
83,0,1,0,1,0,0,0
84,1,2,1,1,0,0,0
85,1,3,1,2,3,0,0
86,0,3,0,0,1,3,0
87,0,3,0,1,0,0,0
88,1,1,1,1,3,2,0
89,0,3,0,1,0,0,0
90,0,3,0,1,0,0,0
91,0,3,0,1,0,0,0
92,0,1,0,2,1,0,0
93,0,3,0,1,1,2,0
94,0,3,0,3,0,0,0
95,0,3,0,1,0,0,0
96,0,1,0,4,0,0,1
97,1,1,0,1,0,1,1
98,1,2,1,2,0,1,0
99,0,2,0,2,1,0,0
100,0,3,1,1,0,0,0
101,0,3,0,1,0,0,0
102,0,1,0,1,0,1,0
103,0,3,0,2,0,0,0
104,0,3,0,2,2,0,0
105,0,3,0,1,0,0,0
106,1,3,1,1,0,0,0
107,1,3,0,1,0,0,0
108,0,3,0,2,0,0,0
109,1,3,1,1,1,0,2
110,0,1,0,2,0,0,0
111,0,3,1,0,1,0,1
112,0,3,0,1,0,0,0
113,0,3,1,1,1,0,0
114,0,3,1,1,0,0,1
115,0,3,0,1,0,0,0
116,0,3,0,4,0,0,2
117,0,2,0,1,1,0,0
118,0,1,0,1,0,1,1
119,0,3,1,0,4,2,0
120,0,2,0,1,2,0,0
121,0,3,0,1,0,0,0
122,0,2,0,2,1,0,1
123,1,2,1,2,0,0,0
124,0,1,0,3,0,1,0
125,1,3,0,0,1,0,1
126,0,3,0,1,0,0,2
127,1,3,0,1,0,0,0
128,1,3,1,1,1,1,1
129,0,3,0,2,0,0,0
130,0,3,0,2,0,0,1
131,0,3,0,1,0,0,0
132,0,3,1,2,1,0,0
133,1,2,1,1,1,0,0
134,0,2,0,1,0,0,0
135,0,2,0,1,0,0,1
136,1,1,1,1,0,2,0
137,0,1,0,2,1,0,0
138,0,3,0,0,0,0,0
139,0,1,0,1,0,0,1
140,0,3,1,1,0,2,1
141,1,3,1,1,0,0,0
142,1,3,1,1,1,0,0
143,0,3,0,1,0,0,2
144,0,2,0,1,0,0,0
145,0,2,0,1,1,1,0
146,1,3,0,1,0,0,0
147,0,3,1,0,2,2,0
148,0,2,0,2,0,2,0
149,0,2,0,2,0,0,0
150,0,2,0,3,0,0,0
151,1,1,1,1,1,0,0
152,0,3,0,3,0,0,0
153,0,3,0,2,0,2,0
154,0,3,0,1,0,0,0
155,0,1,0,3,0,1,1
156,1,3,1,0,0,0,2
157,0,3,0,1,0,0,0
158,0,3,0,1,0,0,0
159,0,3,0,1,8,2,0
160,0,3,0,2,0,1,0
161,1,2,1,2,0,0,0
162,0,3,0,1,0,0,0
163,0,3,0,1,0,0,0
164,0,3,0,0,4,1,0
165,1,3,0,0,0,2,0
166,1,1,1,2,0,1,0
167,0,3,1,2,1,4,0
168,0,1,0,2,0,0,0
169,0,3,0,1,0,0,0
170,0,1,0,3,0,0,0
171,0,3,0,0,4,1,2
172,1,3,1,0,1,1,0
173,0,3,0,1,0,0,0
174,0,1,0,3,0,0,1
175,0,3,0,1,1,1,0
176,0,3,0,1,3,1,0
177,0,1,1,3,0,0,1
178,0,2,0,1,0,0,0
179,0,3,0,2,0,0,0
180,0,3,1,1,8,2,0
181,0,2,0,1,0,0,1
182,0,3,0,0,4,2,0
183,1,2,0,0,2,1,0
184,1,3,1,0,0,2,0
185,0,1,0,2,0,0,0
186,1,3,1,1,1,0,2
187,1,1,0,2,0,0,0
188,0,3,0,2,1,1,2
189,0,3,0,2,0,0,0
190,1,2,1,1,0,0,0
191,0,2,0,1,0,0,0
192,1,3,1,1,1,0,0
193,1,2,0,0,1,1,0
194,1,1,1,2,0,0,1
195,1,1,1,3,0,0,1
196,0,3,0,1,0,0,2
197,0,3,0,2,0,1,0
198,1,3,1,1,0,0,2
199,0,2,1,1,0,0,0
200,0,3,0,1,0,0,0
201,0,3,0,1,8,2,0
202,0,3,0,2,0,0,0
203,0,3,0,2,0,0,1
204,1,3,0,1,0,0,0
205,0,3,1,0,0,1,0
206,0,3,0,1,1,0,0
207,1,3,0,1,0,0,1
208,1,3,1,0,0,0,2
209,1,1,0,2,0,0,1
210,0,3,0,1,0,0,0
211,1,2,1,2,0,0,0
212,0,3,0,1,0,0,0
213,0,2,0,1,0,0,0
214,0,3,0,1,1,0,2
215,1,1,1,1,1,0,1
216,1,3,1,1,0,0,0
217,0,2,0,2,1,0,0
218,1,1,1,1,0,0,1
219,0,2,0,1,0,0,0
220,1,3,0,0,0,0,0
221,0,2,0,1,0,0,0
222,0,3,0,3,0,0,0
223,0,3,0,1,0,0,0
224,1,1,0,2,1,0,0
225,0,3,0,1,0,0,0
226,1,2,0,1,0,0,0
227,0,3,0,1,0,0,0
228,0,2,0,1,0,0,0
229,0,3,1,1,3,1,0
230,1,1,1,2,1,0,0
231,0,3,0,1,0,0,0
232,0,2,0,3,0,0,0
233,1,3,1,0,4,2,0
234,0,2,0,1,0,0,0
235,0,3,1,1,0,0,0
236,0,2,0,2,1,0,0
237,1,2,1,0,0,2,0
238,0,2,0,1,0,0,0
239,0,2,0,2,0,0,0
240,0,3,1,1,1,0,1
241,1,3,1,1,1,0,2
242,0,2,0,1,0,0,0
243,0,3,0,1,0,0,0
244,0,3,0,1,0,0,1
245,0,1,0,2,2,0,2
246,0,3,1,1,0,0,0
247,1,2,1,1,0,2,0
248,1,1,0,2,1,1,0
249,0,2,0,3,1,0,0
250,0,3,0,1,0,0,0
251,0,3,1,1,1,1,0
252,0,1,0,3,0,0,0
253,0,3,0,1,1,0,0
254,0,3,1,2,0,2,0
255,1,3,1,1,0,2,1
256,1,1,1,2,0,0,1
257,1,1,1,1,0,0,0
258,1,1,1,2,0,0,1
259,1,2,1,3,0,1,0
260,0,3,0,1,0,0,2
261,1,3,0,0,4,2,0
262,0,1,0,3,1,1,0
263,0,1,0,2,0,0,0
264,0,3,1,1,0,0,2
265,0,2,0,2,0,0,0
266,0,3,0,0,4,1,0
267,1,3,0,1,1,0,0
268,1,1,1,3,0,1,0
269,1,1,1,2,0,0,0
270,0,1,0,2,0,0,0
271,1,3,0,1,0,0,0
272,1,2,1,2,0,1,0
273,0,1,0,2,0,1,1
274,1,3,1,1,0,0,2
275,1,1,1,3,1,0,0
276,0,3,1,2,0,0,0
277,0,2,0,1,0,0,0
278,0,3,0,0,4,1,2
279,1,3,1,2,1,1,0
280,0,3,0,4,0,0,2
281,0,3,0,1,0,0,0
282,0,3,0,0,0,0,0
283,1,3,0,1,0,0,0
284,0,1,0,2,0,0,0
285,0,3,0,2,0,0,1
286,1,3,0,1,0,0,0
287,0,3,0,1,0,0,0
288,1,2,0,2,0,0,0
289,1,3,1,1,0,0,2
290,1,1,1,1,0,0,0
291,1,1,1,1,1,0,1
292,0,2,0,2,0,0,1
293,0,3,1,1,0,0,0
294,0,3,0,1,0,0,0
295,0,1,0,2,0,0,1
296,0,3,0,1,0,0,1
297,0,1,1,0,1,2,0
298,1,1,0,2,0,0,0
299,1,1,1,3,0,1,1
300,1,3,1,1,0,0,2
301,1,3,0,1,2,0,2
302,0,3,0,1,0,0,0
303,1,2,1,1,0,0,2
304,0,3,0,1,0,0,0
305,1,1,0,0,1,2,0
306,1,1,1,2,0,0,1
307,1,1,1,1,1,0,1
308,0,2,0,1,1,0,1
309,1,1,1,1,0,0,1
310,1,1,1,1,0,0,1
311,1,1,1,1,2,2,1
312,0,2,1,1,1,1,0
313,0,3,0,1,0,0,0
314,0,2,0,2,1,1,0
315,1,3,1,1,0,0,0
316,1,2,1,1,1,0,0
317,0,2,0,3,0,0,0
318,1,1,1,1,0,2,0
319,1,1,1,2,1,1,1
320,0,3,0,1,0,0,0
321,0,3,0,1,0,0,0
322,1,2,1,1,0,0,2
323,1,2,1,1,1,1,0
324,0,3,0,1,8,2,0
325,1,1,1,2,0,0,1
326,0,3,0,3,0,0,0
327,1,2,1,2,0,0,0
328,1,3,1,1,1,1,0
329,1,1,1,0,0,1,1
330,1,3,1,1,2,0,2
331,0,1,0,2,0,0,0
332,0,1,0,2,0,1,0
333,0,3,0,0,2,0,0
334,1,1,1,2,1,0,0
335,0,3,0,1,0,0,0
336,0,1,0,1,1,0,0
337,1,1,1,2,0,0,1
338,1,3,0,2,0,0,0
339,0,1,0,2,0,0,0
340,1,2,0,0,1,1,0
341,1,1,1,1,3,2,0
342,0,2,0,1,0,0,0
343,0,2,0,1,0,0,0
344,0,2,0,2,0,0,0
345,1,2,1,1,0,0,0
346,1,2,1,2,0,0,0
347,1,3,1,1,1,0,0
348,1,3,0,0,1,1,0
349,0,3,0,2,0,0,0
350,0,3,0,1,0,0,0
351,0,1,0,2,0,0,0
352,0,3,0,0,1,1,1
353,0,3,0,1,1,0,0
354,0,3,0,1,0,0,1
355,0,3,0,1,0,0,0
356,1,1,1,1,0,1,0
357,0,2,1,2,0,0,0
358,1,3,1,1,0,0,2
359,1,3,1,1,0,0,2
360,0,3,0,2,1,4,0
361,0,2,0,1,1,0,1
362,0,3,1,2,0,1,1
363,0,3,0,2,0,0,0
364,0,3,0,1,1,0,2
365,0,3,0,1,0,0,0
366,1,1,1,3,1,0,1
367,1,3,1,1,0,0,1
368,1,3,1,1,0,0,2
369,1,1,1,1,0,0,1
370,1,1,0,1,1,0,1
371,0,3,0,1,1,0,0
372,0,3,0,1,0,0,0
373,0,1,0,1,0,0,1
374,0,3,1,0,3,1,0
375,1,1,1,2,1,0,1
376,1,3,1,1,0,0,0
377,0,1,0,1,0,2,1
378,0,3,0,1,0,0,1
379,0,3,0,1,0,0,0
380,1,1,1,2,0,0,1
381,1,3,1,0,0,2,1
382,0,3,0,1,0,0,0
383,1,1,1,2,1,0,0
384,0,3,0,1,0,0,0
385,0,2,0,1,0,0,0
386,0,3,0,0,5,2,0
387,1,2,1,2,0,0,0
388,0,3,0,1,0,0,2
389,1,2,1,1,0,0,1
390,1,1,0,2,1,2,0
391,1,3,0,1,0,0,0
392,0,3,0,1,2,0,0
393,1,1,1,1,1,0,1
394,1,3,1,1,0,2,0
395,0,3,0,1,0,0,0
396,0,3,1,1,0,0,0
397,0,2,0,2,0,0,0
398,0,2,0,1,0,0,0
399,1,2,1,1,0,0,0
400,1,3,0,2,0,0,0
401,0,3,0,1,0,0,0
402,0,3,1,1,1,0,0
403,0,3,0,1,1,0,0
404,0,3,1,1,0,0,0
405,0,2,0,2,1,0,0
406,0,3,0,3,0,0,0
407,1,2,0,0,1,1,0
408,0,3,0,1,0,0,0
409,0,3,1,1,3,1,0
410,0,3,0,1,0,0,0
411,0,3,0,1,0,0,2
412,1,1,1,2,1,0,2
413,0,2,0,1,0,0,0
414,1,3,0,2,0,0,0
415,0,3,1,1,0,0,0
416,1,2,1,2,1,1,0
417,1,2,1,1,0,2,0
418,0,2,0,1,0,0,0
419,0,3,1,0,0,2,0
420,0,3,0,1,0,0,1
421,0,3,0,1,0,0,2
422,0,3,0,1,0,0,0
423,0,3,1,1,1,1,0
424,0,3,0,1,1,1,0
425,0,3,0,1,0,0,0
426,1,2,1,1,1,0,0
427,1,2,1,1,0,0,0
428,0,3,0,1,0,0,2
429,1,3,0,1,0,0,0
430,1,1,0,1,0,0,0
431,1,3,1,1,1,0,0
432,1,2,1,2,1,0,0
433,0,3,0,1,0,0,0
434,0,1,0,3,1,0,0
435,1,1,1,0,1,2,0
436,0,3,1,1,2,2,0
437,1,2,1,1,2,3,0
438,0,1,0,3,1,4,0
439,0,2,0,1,0,0,0
440,1,2,1,2,1,1,0
441,0,3,0,1,0,0,0
442,0,3,0,1,1,0,0
443,1,2,1,1,0,0,0
444,1,3,0,1,0,0,0
445,1,1,0,0,0,2,0
446,1,2,1,0,0,1,0
447,1,1,0,2,0,0,0
448,1,3,1,0,2,1,1
449,1,1,0,3,0,0,0
450,0,2,0,2,1,2,0
451,0,3,0,1,1,0,0
452,0,1,0,1,0,0,1
453,1,1,0,3,1,0,1
454,0,3,0,1,0,0,0
455,1,3,0,1,0,0,1
456,0,1,0,4,0,0,0
457,1,1,1,2,1,0,0
458,1,2,1,3,0,0,0
459,0,3,0,1,0,0,2
460,1,1,0,2,0,0,0
461,0,3,0,2,0,0,0
462,0,1,0,2,0,0,0
463,0,2,0,2,0,0,0
464,0,3,0,1,0,0,0
465,0,3,0,2,0,0,0
466,0,2,0,1,0,0,0
467,0,1,0,3,0,0,0
468,0,3,0,1,0,0,2
469,1,3,1,0,2,1,1
470,0,3,0,1,0,0,0
471,0,3,0,2,0,0,0
472,1,2,1,2,1,2,0
473,1,2,1,1,0,0,1
474,0,3,1,1,0,0,0
475,0,1,0,2,0,0,0
476,0,2,0,2,1,0,0
477,0,3,0,1,1,0,0
478,0,3,0,1,0,0,0
479,1,3,1,0,0,1,0
480,0,3,0,0,5,2,0
481,0,2,0,1,0,0,0
482,0,3,0,3,0,0,0
483,1,3,1,3,0,0,0
484,1,1,0,1,1,0,1
485,0,3,1,1,3,1,0
486,1,1,1,2,1,0,0
487,0,1,0,3,0,0,1
488,0,3,0,1,0,0,0
489,1,3,0,0,1,1,0
490,0,3,0,1,1,0,0
491,0,3,0,1,0,0,0
492,0,1,0,3,0,0,0
493,0,1,0,4,0,0,1
494,0,3,0,1,0,0,0
495,0,3,0,1,0,0,1
496,1,1,1,3,1,0,1
497,0,3,0,1,0,0,0
498,0,1,1,1,1,2,0
499,0,3,0,1,0,0,0
500,0,3,0,1,0,0,0
501,0,3,1,1,0,0,2
502,0,3,1,1,0,0,2
503,0,3,1,2,0,0,0
504,1,1,1,0,0,0,0
505,0,1,0,1,1,0,1
506,1,2,1,2,0,2,0
507,1,1,0,2,0,0,0
508,0,3,0,1,0,0,0
509,1,3,0,1,0,0,0
510,1,3,0,1,0,0,2
511,0,3,0,1,0,0,0
512,1,1,0,2,0,0,0
513,1,1,1,3,1,0,1
514,0,3,0,1,0,0,0
515,0,1,0,2,0,0,0
516,1,2,1,2,0,0,0
517,0,3,0,1,0,0,2
518,1,2,1,2,1,0,0
519,0,3,0,1,0,0,0
520,1,1,1,1,0,0,0
521,0,3,0,1,0,0,0
522,0,3,0,1,0,0,1
523,1,1,1,2,0,1,1
524,0,3,0,1,0,0,1
525,0,3,0,2,0,0,2
526,1,2,1,3,0,0,0
527,0,1,0,2,0,0,0
528,0,3,0,2,0,0,0
529,0,2,0,1,2,1,0
530,1,2,1,0,1,1,0
531,0,3,0,1,0,0,1
532,0,3,0,1,1,1,1
533,1,3,1,1,0,2,1
534,0,3,1,1,0,0,0
535,1,2,1,0,0,2,0
536,0,1,0,2,0,0,0
537,1,1,1,1,0,0,1
538,0,3,0,1,0,0,0
539,1,1,1,1,0,2,1
540,1,1,1,2,0,2,0
541,0,3,1,0,4,2,0
542,0,3,1,0,4,2,0
543,1,2,0,1,1,0,0
544,0,1,0,3,1,0,1
545,0,1,0,3,0,0,0
546,1,2,1,1,1,0,0
547,1,2,0,1,0,0,1
548,0,3,0,2,1,1,0
549,1,2,0,0,1,1,0
550,1,1,0,1,0,2,1
551,0,2,0,1,0,0,0
552,0,3,0,1,0,0,2
553,1,3,0,1,0,0,1
554,1,3,1,1,0,0,0
555,0,1,0,3,0,0,0
556,1,1,1,2,1,0,1
557,0,1,0,2,0,0,1
558,1,1,1,2,1,1,0
559,1,3,1,2,1,0,0
560,0,3,0,1,0,0,2
561,0,3,0,2,0,0,0
562,0,2,0,1,0,0,0
563,0,3,0,1,0,0,0
564,0,3,1,1,0,0,0
565,0,3,0,1,2,0,0
566,0,3,0,1,0,0,0
567,0,3,1,1,0,4,0
568,0,3,0,1,0,0,1
569,1,3,0,1,0,0,0
570,1,2,0,3,0,0,0
571,1,1,1,3,2,0,0
572,1,1,0,2,0,0,0
573,1,3,1,1,0,0,2
574,0,3,0,0,0,0,0
575,0,3,0,1,0,0,0
576,1,2,1,2,0,0,0
577,1,1,1,2,1,0,0
578,0,3,1,1,1,0,1
579,1,3,0,1,0,0,0
580,1,2,1,1,1,1,0
581,1,1,1,2,1,1,1
582,0,2,0,3,0,0,0
583,0,1,0,2,0,0,1
584,0,3,0,1,0,0,1
585,1,1,1,1,0,2,0
586,0,2,0,2,0,0,0
587,1,1,0,3,1,1,1
588,0,3,0,1,0,0,0
589,0,3,0,1,0,0,0
590,0,3,0,2,0,0,0
591,1,1,1,3,1,0,1
592,0,3,0,2,0,0,0
593,0,3,1,1,0,2,2
594,0,2,0,2,1,0,0
595,0,3,0,2,1,1,0
596,1,2,1,1,0,0,0
597,0,3,0,3,0,0,0
598,0,3,0,1,0,0,1
599,1,1,0,3,1,0,1
600,1,2,1,1,2,1,0
601,0,3,0,1,0,0,0
602,0,1,0,2,0,0,0
603,0,3,0,2,0,0,0
604,1,1,0,2,0,0,1
605,0,3,0,2,1,0,0
606,0,3,0,1,0,0,0
607,1,1,0,1,0,0,0
608,1,2,1,1,1,2,1
609,1,1,1,2,0,0,0
610,0,3,1,2,1,5,0
611,0,3,0,1,0,0,0
612,1,3,1,1,1,0,2
613,0,3,0,1,0,0,2
614,0,3,0,2,0,0,0
615,1,2,1,1,1,2,0
616,0,3,0,2,1,1,0
617,0,3,1,1,1,0,0
618,1,2,1,0,2,1,0
619,0,2,0,1,0,0,0
620,0,3,0,1,1,0,1
621,1,1,0,2,1,0,0
622,1,3,0,1,1,1,1
623,0,3,0,1,0,0,0
624,0,3,0,1,0,0,0
625,0,1,0,3,0,0,0
626,0,2,0,3,0,0,2
627,1,1,1,1,0,0,0
628,0,3,0,1,0,0,0
629,0,3,0,1,0,0,2
630,1,1,0,4,0,0,0
631,0,3,0,3,0,0,0
632,1,1,0,1,0,0,1
633,0,1,0,2,0,0,0
634,0,3,1,0,3,2,0
635,1,2,1,1,0,0,0
636,0,3,0,1,0,0,0
637,0,2,0,1,1,1,0
638,0,3,1,2,0,5,0
639,0,3,0,1,1,0,0
640,0,3,0,1,0,0,0
641,1,1,1,1,0,0,1
642,0,3,1,0,3,2,0
643,1,3,0,1,0,0,0
644,1,3,1,0,2,1,1
645,1,1,0,2,1,0,1
646,0,3,0,1,0,0,0
647,1,1,0,3,0,0,1
648,0,3,0,1,0,0,0
649,1,3,1,1,0,0,0
650,0,3,0,1,0,0,0
651,1,2,1,1,0,1,0
652,0,3,0,1,0,0,0
653,1,3,1,1,0,0,2
654,0,3,1,1,0,0,2
655,0,2,0,1,2,0,0
656,0,3,0,1,0,0,0
657,0,3,1,1,1,1,2
658,0,2,0,1,0,0,0
659,0,1,0,3,0,2,1
660,1,1,0,3,2,0,0
661,0,3,0,2,0,0,1
662,0,1,0,2,0,0,0
663,0,3,0,2,0,0,0
664,1,3,0,1,1,0,0
665,0,2,0,1,2,0,0
666,0,2,0,1,0,0,0
667,0,3,0,1,0,0,0
668,0,3,0,2,0,0,0
669,1,1,1,2,1,0,0
670,1,2,1,2,1,1,0
671,0,1,0,1,1,0,0
672,0,2,0,4,0,0,0
673,1,2,0,1,0,0,0
674,0,2,0,1,0,0,0
675,0,3,0,1,0,0,0
676,0,3,0,1,0,0,0
677,1,3,1,1,0,0,0
678,0,3,1,2,1,6,0
679,1,1,0,2,0,1,1
680,0,3,1,1,0,0,2
681,1,1,0,1,0,0,1
682,0,3,0,1,0,0,0
683,0,3,0,0,5,2,0
684,0,2,0,3,1,1,0
685,0,2,0,1,1,2,1
686,0,3,0,0,4,1,0
687,0,3,0,1,0,0,0
688,0,3,0,1,0,0,0
689,1,1,1,0,0,1,0
690,1,1,0,1,1,0,0
691,1,3,1,0,0,1,1
692,1,3,0,1,0,0,0
693,0,3,0,1,0,0,1
694,0,1,0,3,0,0,0
695,0,2,0,3,0,0,0
696,0,3,0,2,0,0,0
697,1,3,1,1,0,0,2
698,0,1,0,3,1,1,1
699,0,3,0,2,0,0,0
700,1,1,1,1,1,0,1
701,1,1,0,2,0,0,0
702,0,3,1,1,0,1,1
703,0,3,0,1,0,0,2
704,0,3,0,1,1,0,0
705,0,2,0,2,0,0,0
706,1,2,1,2,0,0,0
707,1,1,0,2,0,0,0
708,1,1,1,1,0,0,0
709,1,3,0,1,1,1,1
710,1,1,1,1,0,0,1
711,0,1,0,2,0,0,0
712,1,1,0,2,1,0,0
713,0,3,0,1,0,0,0
714,0,2,0,3,0,0,0
715,0,3,0,1,0,0,0
716,1,1,1,2,0,0,1
717,1,2,1,1,0,0,0
718,0,3,0,1,0,0,2
719,0,3,0,2,0,0,0
720,1,2,1,0,0,1,0
721,0,3,0,1,1,0,0
722,0,2,0,2,0,0,0
723,0,2,0,3,0,0,0
724,1,1,0,1,1,0,0
725,0,3,0,1,0,0,0
726,1,2,1,1,3,0,0
727,1,3,1,1,0,0,2
728,0,2,0,1,1,0,0
729,0,3,1,1,1,0,0
730,1,1,1,1,0,0,0
731,0,3,0,0,0,0,1
732,0,2,0,1,0,0,0
733,0,2,0,1,0,0,0
734,0,2,0,1,0,0,0
735,0,3,0,1,0,0,0
736,0,3,1,2,1,3,0
737,1,1,0,2,0,0,1
738,0,3,0,1,0,0,0
739,0,3,0,1,0,0,0
740,1,1,0,2,0,0,0
741,0,1,0,2,1,0,0
742,1,1,1,1,2,2,1
743,0,3,0,1,1,0,0
744,1,3,0,1,0,0,0
745,0,1,0,4,1,1,0
746,0,3,0,0,1,1,0
747,1,2,1,1,0,0,0
748,0,1,0,1,1,0,0
749,0,3,0,1,0,0,2
750,1,2,1,0,1,1,0
751,1,3,0,0,0,1,0
752,0,3,0,2,0,0,0
753,0,3,0,1,0,0,0
754,1,2,1,2,1,2,0
755,1,2,0,0,1,1,0
756,0,3,0,1,0,0,0
757,0,2,0,1,0,0,0
758,0,3,0,2,0,0,0
759,1,1,1,2,0,0,0
760,0,3,0,1,0,0,0
761,0,3,0,2,0,0,0
762,1,3,0,1,0,0,1
763,1,1,1,2,1,2,0
764,0,3,0,0,0,0,0
765,1,1,1,3,1,0,0
766,0,1,0,2,0,0,1
767,0,3,1,1,0,0,2
768,0,3,0,1,1,0,2
769,0,3,0,1,0,0,0
770,0,3,0,1,0,0,0
771,0,3,0,2,0,0,0
772,0,2,1,3,0,0,0
773,0,3,0,1,0,0,1
774,1,2,1,3,1,3,0
775,0,3,0,1,0,0,0
776,0,3,0,1,0,0,2
777,1,3,1,0,0,0,0
778,0,3,0,1,0,0,2
779,1,1,1,2,0,1,0
780,1,3,1,0,0,0,1
781,1,1,1,1,1,0,0
782,0,1,0,1,0,0,0
783,0,3,0,1,1,2,0
784,0,3,0,1,0,0,0
785,0,3,0,1,0,0,0
786,1,3,1,1,0,0,0
787,0,3,0,0,4,1,2
788,1,3,0,0,1,2,0
789,0,1,0,2,0,0,1
790,0,3,0,1,0,0,2
791,0,2,0,0,0,0,0
792,0,3,1,1,8,2,0
793,0,1,0,2,0,0,1
794,0,3,0,1,0,0,0
795,0,2,0,2,0,0,0
796,1,1,1,3,0,0,0
797,1,3,1,1,0,0,0
798,0,3,0,1,0,0,1
799,0,3,1,1,1,1,0
800,0,2,0,2,0,0,0
801,1,2,1,1,1,1,0
802,1,1,0,0,1,2,0
803,1,3,0,0,0,1,1
804,1,3,0,1,0,0,0
805,0,3,0,1,0,0,0
806,0,1,0,2,0,0,0
807,0,3,1,1,0,0,0
808,0,2,0,2,0,0,0
809,1,1,1,2,1,0,0
810,0,3,0,1,0,0,0
811,0,3,0,2,0,0,0
812,0,2,0,2,0,0,0
813,0,3,1,0,4,2,0
814,0,3,0,1,0,0,0
815,0,1,0,2,0,0,0
816,0,3,1,1,0,0,0
817,0,2,0,1,1,1,1
818,0,3,0,2,0,0,0
819,0,3,0,0,3,2,0
820,1,1,1,3,1,1,0
821,1,3,0,1,0,0,0
822,0,1,0,2,0,0,0
823,1,3,1,1,0,1,0
824,0,3,0,0,4,1,0
825,0,3,0,1,0,0,2
826,0,3,0,1,0,0,0
827,1,2,0,0,0,2,1
828,1,3,0,1,0,0,2
829,1,1,1,3,0,0,0
830,1,3,1,0,1,0,1
831,1,2,0,0,1,1,0
832,0,3,0,1,0,0,1
833,0,3,0,1,0,0,0
834,0,3,0,1,0,0,0
835,1,1,1,2,1,1,1
836,0,3,0,1,0,0,0
837,0,3,0,1,0,0,0
838,1,3,0,1,0,0,0
839,1,1,0,2,0,0,1
840,0,3,0,1,0,0,0
841,0,2,0,0,0,0,0
842,1,1,1,1,0,0,1
843,0,3,0,2,0,0,1
844,0,3,0,1,0,0,0
845,0,3,0,2,0,0,0
846,0,3,0,1,8,2,0
847,0,3,0,2,0,0,1
848,0,2,0,1,0,1,0
849,1,1,1,2,1,0,1
850,0,3,0,0,4,2,0
851,0,3,0,4,0,0,0
852,0,3,1,0,1,1,1
853,1,1,1,0,0,1,0
854,0,2,1,2,1,0,0
855,1,3,1,1,0,1,0
856,1,1,1,2,1,1,0
857,1,1,0,3,0,0,0
858,1,3,1,1,0,3,1
859,0,3,0,1,0,0,1
860,0,3,0,2,2,0,0
861,0,2,0,1,1,0,0
862,1,1,1,2,0,0,0
863,0,3,1,1,8,2,0
864,0,2,0,1,0,0,0
865,1,2,1,2,0,0,0
866,1,2,1,1,1,0,1
867,0,1,0,1,0,0,0
868,0,3,0,1,0,0,0
869,1,3,0,0,1,1,0
870,0,3,0,1,0,0,0
871,1,1,1,2,1,1,0
872,0,1,0,2,0,0,0
873,0,3,0,2,0,0,0
874,1,2,1,1,1,0,1
875,1,3,1,0,0,0,1
876,0,3,0,1,0,0,0
877,0,3,0,1,0,0,0
878,0,3,0,1,0,0,0
879,1,1,1,3,0,1,1
880,1,2,1,1,0,1,0
881,0,3,0,2,0,0,0
882,0,3,1,1,0,0,0
883,0,2,0,1,0,0,0
884,0,3,0,1,0,0,0
885,0,3,1,2,0,5,2
886,0,2,0,1,0,0,0
887,1,1,1,1,0,0,0
888,0,3,1,1,1,2,0
889,1,1,0,1,0,0,1
890,0,3,0,1,0,0,2
891,0,3,0,2,0,0,2
892,1,3,1,2,1,0,0
893,0,2,0,3,0,0,2
894,0,3,0,1,0,0,0
895,1,3,1,1,1,1,0
896,0,3,0,0,0,0,0
897,1,3,1,1,0,0,2
898,0,2,0,1,1,1,0
899,1,3,1,1,0,0,1
900,0,3,0,1,2,0,0
901,0,3,0,1,0,0,0
902,0,1,0,2,0,0,0
903,1,1,1,1,1,0,0
904,0,2,0,3,1,0,0
905,1,1,1,2,1,0,0
906,1,2,1,1,1,0,1
907,0,2,0,2,0,0,2
908,0,3,0,1,0,0,1
909,1,3,1,1,1,0,0
910,1,3,1,2,0,0,1
911,0,1,0,3,1,0,1
912,0,3,0,0,0,1,0
913,1,1,1,2,0,0,0
914,0,1,0,1,0,1,1
915,1,1,1,2,1,3,1
916,0,3,0,3,1,0,0
917,1,1,1,1,0,1,1
918,0,3,0,1,0,0,1
919,0,1,0,2,0,0,0
920,0,3,0,1,2,0,1
921,0,2,0,3,1,0,0
922,0,2,0,1,2,0,0
923,1,3,1,2,1,2,0
924,1,3,1,1,1,2,0
925,0,1,0,1,1,0,1
926,0,3,0,1,0,0,1
927,1,3,1,1,0,0,0
928,1,3,1,1,0,0,0
929,0,3,0,1,0,0,0
930,0,3,0,1,0,0,0
931,0,3,0,2,0,1,1
932,0,1,0,2,0,0,0
933,0,3,0,2,0,0,0
934,1,2,1,1,0,0,0
935,1,1,1,2,1,0,0
936,0,3,0,1,0,0,0
937,0,1,0,2,0,0,1
938,0,3,0,1,0,0,2
939,1,1,1,3,0,0,1
940,1,3,1,2,0,2,0
941,0,1,0,1,1,0,0
942,0,2,0,1,0,0,1
943,1,2,1,1,2,1,0
944,1,1,1,1,3,2,0
945,0,2,0,1,0,0,1
946,0,3,0,0,4,1,2
947,0,3,0,2,0,0,0
948,0,3,0,1,0,0,0
949,0,3,0,1,1,0,0
950,1,1,1,2,0,0,1
951,0,3,0,1,0,0,0
952,0,2,0,1,0,0,0
953,0,3,0,1,0,0,0
954,1,3,1,1,0,0,2
955,0,1,0,0,2,2,1
956,1,2,1,1,0,0,0
957,1,3,1,1,0,0,2
958,0,1,0,2,0,0,0
959,0,1,0,1,0,0,1
960,1,1,1,3,1,4,0
961,1,3,1,1,0,0,2
962,0,3,0,1,0,0,0
963,1,3,1,1,0,0,0
964,0,1,0,1,0,0,1
965,1,1,1,2,0,0,1
966,0,1,0,2,0,0,1
967,0,3,0,1,0,0,0
968,1,1,1,3,2,0,0
969,0,2,0,1,0,0,0
970,1,3,1,1,0,0,2
971,0,3,0,0,1,1,1
972,0,1,0,4,1,0,0
973,0,1,0,3,0,0,0
974,0,3,0,1,0,0,0
975,0,2,0,1,0,0,2
976,0,3,0,1,1,0,1
977,1,3,1,1,0,0,2
978,1,3,1,1,0,0,0
979,1,3,1,1,0,0,2
980,0,2,0,0,1,1,0
981,1,3,1,1,1,0,0
982,0,3,0,1,0,0,0
983,1,1,1,1,1,2,0
984,0,3,0,1,0,0,0
985,0,1,0,1,0,0,1
986,0,3,0,1,0,0,0
987,1,1,1,4,1,0,0
988,0,3,0,1,0,0,0
989,1,3,1,1,0,0,0
990,0,3,0,2,0,0,0
991,1,1,1,2,1,0,1
992,0,2,0,1,1,0,0
993,0,3,0,1,0,0,2
994,0,3,0,1,0,0,0
995,1,3,1,0,1,1,1
996,0,3,0,1,0,0,0
997,0,3,0,1,0,0,2
998,0,3,0,1,0,0,2
999,0,3,0,1,0,0,0
1000,0,2,0,1,0,0,0
1001,0,2,0,2,0,0,1
1002,1,3,1,1,0,0,2
1003,1,1,1,2,0,0,1
1004,1,3,1,1,0,0,2
1005,1,1,1,3,1,0,0
1006,0,3,0,1,1,0,1
1007,0,3,0,1,0,0,1
1008,1,3,1,0,1,1,0
1009,0,1,0,2,0,0,1
1010,1,2,1,1,1,0,0
1011,1,2,1,0,0,0,0
1012,0,3,0,1,1,0,2
1013,1,1,1,2,1,0,1
1014,0,3,0,1,0,0,0
1015,0,3,0,1,0,0,2
1016,1,3,1,1,0,1,0
1017,0,3,0,1,0,0,0
1018,1,3,1,1,2,0,2
1019,0,2,0,2,0,0,0
1020,0,3,0,1,0,0,0
1021,0,3,0,1,0,0,0
1022,0,1,0,3,0,0,1
1023,1,3,1,1,0,4,0
1024,0,3,0,1,1,0,1
1025,0,3,0,2,0,0,0
1026,0,3,0,1,0,0,0
1027,0,3,0,1,0,0,1
1028,0,2,0,1,0,0,0
1029,1,3,1,1,0,0,0
1030,0,3,0,2,1,6,0
1031,1,3,1,0,5,2,0
1032,1,1,1,2,0,0,0
1033,0,1,0,3,1,3,1
1034,0,2,0,1,0,0,0
1035,0,1,0,2,0,0,0
1036,0,3,0,1,3,0,0
1037,0,1,0,2,0,0,0
1038,0,3,0,1,0,0,0
1039,0,1,0,2,0,0,0
1040,0,2,0,1,1,1,0
1041,1,1,1,1,0,1,1
1042,0,3,0,1,0,0,1
1043,0,3,0,3,0,0,0
1044,1,3,1,2,0,2,0
1045,0,3,0,0,4,2,0
1046,0,3,0,1,0,0,0
1047,1,1,1,1,0,0,0
1048,1,3,1,1,0,0,0
1049,0,1,0,2,0,0,0
1050,1,3,1,1,0,2,0
1051,1,3,1,1,0,0,2
1052,0,3,0,0,1,1,1
1053,1,2,1,1,0,0,0
1054,0,3,0,1,0,0,0
1055,0,2,0,2,0,0,0
1056,1,3,1,1,1,1,0
1057,0,1,0,2,0,0,1
1058,0,3,0,1,2,2,0
1059,1,1,1,2,0,0,1
1060,1,3,1,1,0,0,0
1061,0,3,0,1,0,0,0
1062,0,3,0,1,0,0,1
1063,0,3,0,1,1,0,0
1064,0,3,0,1,0,0,1
1065,0,3,0,2,1,5,0
1066,1,2,1,0,0,2,0
1067,1,2,1,1,0,0,0
1068,0,1,0,3,1,0,1
1069,1,2,1,2,0,3,0
1070,1,1,1,3,0,2,1
1071,0,2,0,1,0,0,0
1072,0,1,0,2,1,1,1
1073,1,1,1,1,1,0,0
1074,0,3,0,1,0,0,2
1075,1,1,1,1,1,1,1
1076,0,2,0,2,0,0,0
1077,1,2,1,1,0,1,0
1078,0,3,0,1,2,0,0
1079,1,3,1,1,8,2,0
1080,0,2,0,2,0,0,0
1081,0,2,0,2,1,0,0
1082,0,1,0,2,0,0,0
1083,0,3,0,0,1,1,0
1084,0,2,0,3,0,0,2
1085,0,2,0,0,0,2,0
1086,0,3,0,2,0,0,0
1087,0,1,0,0,0,2,1
1088,1,3,1,1,0,0,0
1089,0,2,0,1,0,0,0
1090,1,3,1,1,0,0,0
1091,1,3,1,1,0,0,2
1092,0,3,0,0,0,2,0
1093,0,1,0,2,1,0,1
1094,1,2,1,0,1,1,0
1095,0,2,0,1,0,0,0
1096,0,1,0,2,0,0,1
1097,1,3,1,2,0,0,2
1098,0,2,0,1,0,0,0
1099,1,1,1,2,0,0,1
1100,0,3,0,1,0,0,0
1101,0,3,0,1,0,0,0
1102,0,3,0,1,0,0,0
1103,0,2,0,1,0,0,0
1104,1,2,1,3,1,0,0
1105,1,3,1,2,4,2,0
1106,0,1,0,2,0,0,0
1107,1,3,1,1,0,0,2
1108,0,1,0,3,1,1,0
1109,1,1,1,3,1,1,1
1110,0,3,0,1,0,0,0
1111,1,2,1,1,1,0,1
1112,0,3,0,1,0,0,0
1113,1,2,1,1,0,0,0
1114,0,3,0,1,0,0,0
1115,1,1,1,3,0,0,1
1116,1,3,1,1,0,2,1
1117,0,3,0,1,0,0,0
1118,1,3,1,1,0,0,2
1119,0,3,0,2,0,0,0
1120,0,2,0,2,0,0,0
1121,0,2,0,0,0,0,0
1122,1,1,1,1,0,0,0
1123,0,3,0,1,1,0,0
1124,0,3,0,1,0,0,2
1125,0,1,0,2,1,0,1
1126,0,3,0,1,0,0,0
1127,0,1,0,3,1,0,1
1128,0,3,0,1,0,0,1
1129,1,2,1,1,1,1,0
1130,1,1,1,2,1,0,1
1131,1,1,1,3,0,0,1
1132,1,2,1,2,0,2,0
1133,0,1,0,2,1,1,1
1134,0,3,0,1,0,0,0
1135,0,3,0,1,1,2,0
1136,0,1,0,2,1,0,0
1137,1,2,1,1,0,0,0
1138,0,2,0,2,1,1,0
1139,1,2,1,1,1,0,0
1140,1,3,1,1,1,0,1
1141,1,2,1,0,1,2,0
1142,0,3,0,1,0,0,0
1143,0,1,0,1,1,0,1
1144,0,3,0,1,0,0,0
1145,0,3,0,2,0,0,0
1146,0,3,0,1,0,0,0
1147,0,3,0,1,0,0,2
1148,0,3,0,1,0,0,0
1149,1,2,1,1,0,0,0
1150,0,3,0,1,0,0,0
1151,0,3,0,2,1,0,0
1152,0,3,0,1,0,0,0
1153,1,2,1,1,0,2,0
1154,1,3,1,0,1,1,0
1155,0,2,0,1,0,0,1
1156,0,3,0,1,0,0,0
1157,0,1,0,2,0,0,0
1158,0,3,0,1,0,0,0
1159,1,3,1,1,0,0,0
1160,0,3,0,1,0,0,0
1161,0,1,0,2,0,0,1
1162,0,3,0,1,0,0,2
1163,1,1,1,1,1,0,1
1164,1,3,1,1,1,0,2
1165,0,3,0,1,0,0,1
1166,1,2,1,1,1,0,0
1167,0,2,0,1,0,0,0
1168,0,2,0,2,1,0,0
1169,0,2,0,1,1,0,0
1170,0,2,0,1,0,0,0
1171,1,3,1,1,0,0,0
1172,0,3,0,0,1,1,0
1173,1,3,1,1,0,0,2
1174,1,3,1,0,1,1,1
1175,1,3,1,0,1,1,0
1176,0,3,0,2,0,0,0
1177,0,3,0,1,0,0,0
1178,0,1,0,1,1,0,0
1179,0,3,0,1,0,0,1
1180,0,3,0,1,0,0,0
1181,0,1,0,2,0,0,0
1182,1,3,1,1,0,0,2
1183,0,3,0,1,0,0,1
1184,0,1,0,3,1,1,0
1185,0,3,0,2,0,0,0
1186,0,3,0,1,0,0,0
1187,1,2,1,0,1,2,1
1188,0,3,0,1,2,0,1
1189,0,1,0,1,0,0,0
1190,0,3,0,1,0,0,0
1191,0,3,0,1,0,0,0
1192,0,2,0,1,0,0,1
1193,0,2,0,2,0,1,0
1194,0,3,0,1,0,0,0
1195,1,3,1,1,0,0,2
1196,1,1,1,3,1,1,0
1197,0,1,0,1,1,2,0
1198,0,3,0,0,0,1,0
1199,0,1,0,3,1,1,0
1200,1,3,1,2,1,0,0
1201,0,3,0,1,0,0,0
1202,0,3,0,1,0,0,1
1203,0,3,0,1,0,0,0
1204,1,3,1,2,0,0,2
1205,1,1,1,3,0,0,1
1206,1,3,1,1,0,0,2
1207,0,1,0,3,1,0,1
1208,0,2,0,1,0,0,0
1209,0,3,0,1,0,0,0
1210,0,2,0,1,2,0,0
1211,0,3,0,1,0,0,0
1212,0,3,0,1,0,0,1
1213,0,2,0,1,0,0,0
1214,0,1,0,2,0,0,0
1215,1,1,1,2,0,0,0
1216,0,3,0,1,0,0,0
1217,1,2,1,0,2,1,0
1218,0,1,0,2,0,0,1
1219,0,2,0,1,1,0,0
1220,0,2,0,1,0,0,0
1221,1,2,1,2,0,2,0
1222,0,1,0,2,0,0,1
1223,0,3,0,1,0,0,1
1224,1,3,1,1,1,1,1
1225,0,3,0,1,0,0,0
1226,0,1,0,1,0,0,0
1227,0,2,0,1,0,0,0
1228,0,3,0,2,0,2,1
1229,0,2,0,1,0,0,0
1230,0,3,0,1,0,0,1
1231,0,2,0,1,0,0,0
1232,0,3,0,1,0,0,0
1233,0,3,0,1,1,9,0
1234,1,1,1,3,0,1,1
1235,0,3,0,1,1,1,0
1236,1,3,1,0,0,0,0
1237,0,2,0,1,0,0,0
1238,1,3,1,2,0,0,1
1239,0,2,0,1,0,0,0
1240,1,2,1,1,0,0,0
1241,1,1,1,2,0,1,1
1242,0,2,0,1,0,0,0
1243,0,2,0,1,0,0,0
1244,0,2,0,3,1,2,0
1245,1,3,1,0,1,2,0
1246,0,1,0,3,0,0,0
1247,1,1,1,3,2,0,0
1248,0,3,0,1,0,0,0
1249,0,3,0,1,0,0,2
1250,1,3,1,1,1,0,0
1251,0,3,0,0,8,2,0
1252,1,2,1,1,1,1,1
1253,1,2,1,1,0,0,0
1254,0,3,0,1,0,0,0
1255,1,1,1,1,1,0,1
1256,1,3,1,1,1,9,0
1257,0,3,0,1,1,0,1
1258,1,3,1,1,0,0,0
1259,1,1,1,2,0,1,1
1260,0,2,0,1,0,0,1
1261,0,2,0,1,1,0,0
1262,1,1,1,1,0,0,1
1263,0,1,0,3,0,0,0
1264,0,2,0,2,0,0,0
1265,1,1,1,3,1,1,0
1266,1,1,1,2,0,0,1
1267,1,3,1,1,2,0,0
1268,0,2,0,1,0,0,0
1269,0,1,0,3,0,0,0
1270,0,3,0,0,4,2,0
1271,0,3,0,1,0,0,2
1272,0,3,0,1,0,0,2
1273,1,3,1,1,0,0,0
1274,1,3,1,1,1,0,0
1275,0,2,0,1,0,0,0
1276,1,2,1,1,1,2,0
1277,0,3,0,1,0,0,0
1278,0,2,0,3,0,0,0
1279,0,3,0,1,0,0,2
1280,0,3,0,0,3,1,0
1281,0,1,0,1,0,0,0
1282,1,1,1,3,0,1,0
1283,0,3,0,0,0,2,0
1284,0,2,0,2,0,0,0
1285,0,3,0,1,3,1,0
1286,1,1,1,1,1,0,0
1287,0,3,0,1,0,0,2
1288,1,1,1,2,1,1,1
1289,0,3,0,1,0,0,0
1290,0,3,0,1,0,0,2
1291,1,1,1,1,0,0,0
1292,0,2,0,2,1,0,0
1293,1,1,1,1,0,1,1
1294,0,1,0,1,0,0,0
1295,0,1,0,2,1,0,1
1296,0,2,0,1,0,0,1
1297,0,2,0,1,1,0,0
1298,0,1,0,3,1,1,1
1299,1,3,1,1,0,0,2
1300,1,3,1,0,1,1,0
1301,1,3,1,1,0,0,2
1302,1,1,1,2,1,0,2
1303,1,3,1,1,0,0,0
1304,0,3,0,1,0,0,0
1305,1,1,1,2,0,0,1
1306,0,3,0,2,0,0,0
1307,0,3,0,1,0,0,0
1308,0,3,0,1,1,1,1
